system,seed,cpu_mode,cpu_affinity_core,episodes,total_steps,success_rate,safety_violation_rate,override_rate,final_checkpoint_safe,policy_us_mean,policy_us_p95,policy_us_p99,shield_us_mean,shield_us_p95,shield_us_p99,total_us_mean,total_us_p95,total_us_p99,inference_peak_rss_mb,eval_seconds,test_seconds
thermostat,42,aggressive,,200,106020,1.0,0.0,0.0017543859649122807,True,49.75702920203734,53.391,57.98,11.34810644218072,11.823,13.874289999999979,69.02014207696661,73.369,82.045,99.96875,9.652728080749512,20.95898938179016
thermostat,43,aggressive,,200,108206,1.0,0.0,0.0016542520747463171,True,53.597810601999896,58.24,73.17794999999994,12.072771898046321,12.614,15.018,74.25263591667743,80.062,101.16994999999987,99.54296875,10.602404832839966,22.97446632385254
thermostat,44,aggressive,,200,100500,1.0,0.0,0.0018706467661691543,True,53.99799769154229,57.509,67.26720999999989,12.189048527363186,12.614,15.089,74.7831512238806,78.83,95.29010999999994,97.34375,10.033054113388062,21.40916132926941
thermostat,45,aggressive,,200,100569,1.0,0.0,0.0017301554156847537,True,50.36231496783302,54.523,61.2587999999997,11.469716861060567,12.334,14.076,69.83275934930248,75.393,87.44887999999993,98.91796875,11.460721731185913,20.235823154449463
thermostat,46,aggressive,,200,103109,1.0,0.0,0.0016681376019552125,True,53.674211649807475,57.539,67.14792,12.077417655102852,12.584,14.978,74.31805668758305,78.96,94.669,96.21484375,10.166885614395142,21.9049654006958
thermostat,47,aggressive,,200,104788,1.0,0.0,0.001727297018742604,True,53.7373277856243,58.17,73.79260000000009,12.181223537046227,12.754,15.249,74.56598638202848,80.24849999999994,101.83430000000004,98.80859375,11.637038707733154,22.234532356262207
thermostat,48,aggressive,,200,103250,1.0,0.0,0.001801452784503632,True,50.16498571428572,54.012,61.25109999999995,11.393686702179176,12.103,14.016,69.55210821307507,74.441,86.714,97.60546875,10.453773736953735,20.62262725830078
thermostat,49,aggressive,,200,102019,1.0,0.0,0.0017643772238504591,True,52.36137782177829,56.287,59.062,11.968786814220882,12.623,14.708,72.60550906203747,77.537,82.496,97.19140625,9.139244794845581,21.17632007598877
thermostat,50,aggressive,,200,97858,1.0,0.0,0.0017985243924870731,True,51.673642073208114,56.287,62.09172999999993,11.770819033701894,12.494,14.451869999999937,71.70952367716488,77.567,87.86459999999985,97.04296875,10.568458080291748,20.057936668395996
thermostat,51,aggressive,,200,99849,1.0,0.0,0.0018427826017286101,True,50.210436318841445,53.642,58.05520000000004,11.319739676912137,11.732,13.851680000000036,69.53335438512154,73.56,82.296,99.0546875,10.143670082092285,19.963481903076172
thermostat,52,aggressive,,200,107989,1.0,0.0,0.0017223976516126643,True,50.157237792738144,53.932,61.066,11.406110927964884,11.982,13.988079999999957,69.59010144551759,74.29,87.22979999999981,100.37890625,9.70718765258789,21.552854299545288
thermostat,53,aggressive,,200,102988,1.0,0.0,0.0017283567017516604,True,53.50317504952033,57.368,64.98560000000009,12.093342923447393,12.584,14.929,74.07100824367888,78.609,91.183,98.1875,10.511042833328247,21.8231942653656
thermostat,54,aggressive,,200,98211,1.0,0.0,0.001832788587836393,True,53.80344755679099,57.629,67.74889999999999,12.354670637708606,12.844,15.218,74.72510870472757,79.33,95.82989999999987,97.31640625,11.298573732376099,20.983222723007202
thermostat,55,aggressive,,200,99874,1.0,0.0,0.0018122834771812483,True,50.253964254961254,53.832,62.40827,11.394209704227327,11.853,14.037,69.71027817049482,73.99,89.43243000000004,98.8515625,11.62256145477295,19.963146924972534
thermostat,56,aggressive,,200,101884,1.0,0.0,0.0017176396686427702,True,52.89226048250953,57.589,64.653,11.911917307918808,12.594,14.729529999999984,73.21945203368536,78.999,91.19726999999995,97.5078125,11.245633125305176,21.18629550933838
thermostat,57,aggressive,,200,94259,1.0,0.0,0.0018459775724334016,True,50.025135159507315,53.331,57.503199999999985,11.298529986526486,11.733,13.810779999999985,69.27770695636491,73.168,80.873,98.2734375,10.585041284561157,18.74891185760498
thermostat,58,aggressive,,200,103131,1.0,0.0,0.0018035314308985659,True,49.948453937225466,53.361,57.8797,11.311450116841689,11.772,13.766,69.1678566968225,73.269,82.21229999999997,96.99609375,10.138007640838623,20.45430636405945
thermostat,59,aggressive,,200,102149,1.0,0.0,0.0017523421668347219,True,53.60719328627789,57.349,67.027,12.275632311623221,12.784,15.038,74.37384658684863,78.789,94.37368000000004,98.4453125,10.520184993743896,21.682300090789795
thermostat,60,aggressive,,200,122932,1.0,0.0,0.0017733381056193667,True,50.980740596427296,57.80404999999997,73.76311000000005,11.326785060033192,12.313,14.017,70.42478455568933,79.451,101.69301000000007,101.18359375,10.67733383178711,24.906606435775757
thermostat,61,aggressive,,200,107703,1.0,0.0,0.0016712626389237069,True,53.6773114026536,58.19,71.98697999999999,12.129029507070367,12.674,15.098,74.39420365263734,80.132,100.37959999999991,98.625,10.796570539474487,22.956106185913086
thermostat,62,aggressive,,200,110191,1.0,0.0,0.0017061284496918986,True,50.47928980588251,54.774,66.566,11.401944060767214,12.143,13.986,69.94888562586782,75.58850000000001,93.79200000000023,100.42578125,10.440911293029785,22.03578472137451
thermostat,63,aggressive,,200,101532,1.0,0.0,0.001812236536264429,True,53.79900237363591,57.594049999999974,69.33480000000004,12.127946332190838,12.583,14.958,74.55002032856638,79.069,96.29269000000001,97.09375,11.010202407836914,21.72921347618103
thermostat,64,aggressive,,200,99301,1.0,0.0,0.00184288174338627,True,53.556522492220616,57.239,64.783,12.154214086464386,12.613,15.029,74.23519654384145,78.519,91.674,97.9375,10.354296922683716,21.063944101333618
thermostat,65,aggressive,,200,103490,1.0,0.0,0.0017489612522949077,True,53.832631877476075,58.02,66.416,12.238675369600927,12.824,15.038,74.67207105034304,79.781,94.70120000000001,96.6875,10.02182912826538,21.898083925247192
thermostat,66,aggressive,,200,102249,1.0,0.0,0.0017017281342604819,True,49.86547191659575,53.331,57.87,11.405620905827927,11.932,13.937,69.19313706735518,73.409,82.10020000000004,99.3515625,9.912071943283081,20.23604464530945
thermostat,67,aggressive,,200,104965,1.0,0.0,0.0017053303482113084,True,52.33762548468536,57.829,72.597,11.87204646310675,12.754,14.698,72.58723726003906,79.811,101.22640000000003,98.015625,11.682681560516357,21.792876958847046
thermostat,68,aggressive,,200,104446,1.0,0.0,0.0017616758899335542,True,50.08638441874271,53.461,58.43650000000003,11.361434300978495,11.822,13.83150000000003,69.40325573023382,73.359,82.34150000000002,98.984375,9.367537260055542,20.81820249557495
thermostat,69,aggressive,,200,100380,1.0,0.0,0.0017832237497509465,True,50.01191221358836,53.371,58.55309999999992,11.231227435744174,11.833,13.716,69.13484919306634,73.228,82.28150999999976,96.515625,10.663229942321777,19.900790452957153
thermostat,70,aggressive,,200,94072,1.0,0.0,0.001849647078833234,True,53.824625,57.408,66.36079999999987,12.24095258950591,12.704,15.138,74.60036185049749,78.739,93.21628999999999,99.7109375,11.387320041656494,20.05614447593689
thermostat,71,aggressive,,200,106484,1.0,0.0,0.0016810037188685625,True,53.14836548213815,58.33,71.24009999999994,11.900095939296046,12.583,14.699529999999985,73.53475009391082,80.102,98.84869999999998,98.85546875,10.93441390991211,22.361714601516724
cruise,42,aggressive,,200,8865,1.0,0.0,0.022560631697687534,True,51.29268505358151,56.43499999999999,120.04392000000045,15.515475239706712,16.451,31.179800000000018,75.07620203045686,88.41579999999999,152.62700000000004,77.9609375,1.2480416297912598,2.4089505672454834
cruise,43,aggressive,,200,8295,1.0,0.0,0.024110910186859555,True,51.24972441229656,56.853999999999985,75.22739999999988,15.956510548523207,17.098699999999987,32.09159999999999,75.34217757685352,89.06799999999997,152.3006599999999,77.46875,1.3341779708862305,2.2440133094787598
cruise,44,aggressive,,200,8895,1.0,0.0,0.022484541877459248,True,55.77936222596965,61.10129999999998,73.2515999999999,16.900503991006183,17.633,34.215,81.69311950534008,94.569,118.89025999999978,76.83984375,1.4010934829711914,2.621788740158081
cruise,45,aggressive,,200,8673,1.0,0.0,0.023060071486221606,True,51.53032318690188,54.754,65.02420000000004,15.961268303931744,16.522,32.01380000000001,75.72753176524847,87.65799999999999,97.57388000000005,75.8515625,1.2353742122650146,2.33309006690979
cruise,46,aggressive,,200,8284,1.0,0.0,0.024142926122646065,True,52.14531253017866,56.327,67.0104,15.552030902945438,16.260849999999998,31.439,76.2107318928054,89.08664999999999,149.50637000000006,76.25390625,1.3822429180145264,2.304156541824341
cruise,47,aggressive,,200,8327,1.0,0.0,0.024018253872943436,True,56.6036185901285,61.5637,82.3882,17.033148672991473,17.549999999999997,34.01619999999999,82.70869929146151,96.249,173.5635399999999,77.34375,1.3691015243530273,2.4818809032440186
cruise,48,aggressive,,200,8568,1.0,0.0,0.02334267040149393,True,52.53001342203548,58.18684999999999,76.17805999999993,15.816625116713354,16.461,31.6933,77.0626712184874,89.89065000000001,173.95705999999996,76.7734375,1.282623291015625,2.3859031200408936
cruise,49,aggressive,,200,8447,1.0,0.0,0.023677045104770925,True,52.76486421214632,58.651999999999994,76.76653999999986,15.646021664496272,16.321,31.55539999999999,76.99473387001302,89.4863,157.30733999999964,77.48046875,1.300835132598877,2.397681474685669
cruise,50,aggressive,,200,8523,1.0,0.0,0.02346591575736243,True,52.77149747741406,59.62099999999999,75.73880000000008,15.957983925847707,16.680999999999994,32.05660000000001,77.29771829168133,90.1191,170.76380000000023,77.5078125,1.2661592960357666,2.377397060394287
cruise,51,aggressive,,200,8609,1.0,0.0,0.02323150191659891,True,52.30791694738065,57.579,74.62632,15.924682889998838,16.6116,32.09772,76.74815692879545,89.8,156.77812,77.02734375,1.21384596824646,2.3811628818511963
cruise,52,aggressive,,200,8528,1.0,0.0,0.02345215759849906,True,52.246906660412755,57.29114999999998,73.73952999999989,15.917446411819888,16.57399999999999,31.486569999999997,76.8497216228893,89.1655,166.06454999999886,77.39453125,1.1753730773925781,2.3608014583587646
cruise,53,aggressive,,200,8715,1.0,0.0,0.022948938611589215,True,52.331860814687325,57.19469999999998,119.8797200000034,16.05558267355135,16.501,31.82720000000001,76.9474361445783,89.90599999999999,175.48546000000044,76.796875,1.2679831981658936,2.434464693069458
cruise,54,aggressive,,200,8525,1.0,0.0,0.02346041055718475,True,58.01537900293255,76.995,187.633,16.728409501466277,18.861199999999986,94.64068000000091,84.88628903225806,114.33019999999998,230.63116000000014,75.66796875,1.3489136695861816,2.596484422683716
cruise,55,aggressive,,200,8606,1.0,0.0,0.023239600278875203,True,58.31103671856844,78.3455,178.95795000000047,17.43679909365559,20.005499999999998,120.31040000000054,85.86516232860794,118.15075,226.0400000000001,76.50390625,1.327916145324707,2.6268811225891113
cruise,56,aggressive,,200,8551,1.0,0.0,0.02338907730090048,True,56.81351643082681,77.592,163.089,16.58534159747398,19.021,90.34649999999999,83.53924780727401,114.221,220.34199999999998,77.54296875,1.2431235313415527,2.5216710567474365
cruise,57,aggressive,,200,8652,1.0,0.0,0.02311604253351826,True,57.205111419325014,77.76094999999997,178.9906599999997,16.56203340268146,19.219949999999965,54.763799999995406,84.01226028663892,114.51149999999998,231.2829,76.8828125,1.3032212257385254,2.6844029426574707
cruise,58,aggressive,,200,9060,1.0,0.0,0.02207505518763797,True,56.89291766004415,77.51799999999999,152.19363999999965,16.689783222958056,19.096,108.88409999999993,83.78779492273729,113.6119999999999,223.27579999999998,76.74609375,1.3634510040283203,2.7176997661590576
cruise,59,aggressive,,200,8754,1.0,0.0,0.022846698652044778,True,56.746344642449166,76.96235,167.1573699999997,16.719770504912038,18.93235000000001,113.22946999999968,83.48823829106693,113.946,225.22196999999957,76.7890625,1.2961571216583252,2.6914517879486084
cruise,60,aggressive,,200,8292,1.0,0.0,0.0241196333815726,True,58.608837916063685,77.9525,184.57880000000006,17.31950964785335,19.7915,116.58339000000007,86.09220103714425,115.759,228.823,76.69921875,1.2326126098632812,2.5731000900268555
cruise,61,aggressive,,200,8102,1.0,0.0,0.024685262898049863,True,59.37897704270551,80.182,182.27367999999976,17.196403357195756,19.495549999999998,109.20969999999986,87.55898025178968,118.3035,235.02908999999985,77.07421875,1.2403547763824463,2.5909252166748047
cruise,62,aggressive,,200,8325,1.0,0.0,0.024024024024024024,True,57.63487039039039,78.04199999999997,170.09656000000004,16.749156516516518,18.965999999999962,115.23296000000028,85.02228864864865,115.63699999999996,230.4223600000001,76.4921875,1.3105535507202148,2.5757100582122803
cruise,63,aggressive,,200,8458,1.0,0.0,0.023646252069047056,True,57.04379782454481,76.7665,168.06560000000007,17.173163277370538,19.628499999999995,111.2035800000009,84.3781806573658,113.61699999999998,226.46796000000012,76.8359375,1.2630457878112793,2.620945453643799
cruise,64,aggressive,,200,8602,1.0,0.0,0.023250406882120437,True,58.520127063473616,79.62095,181.17379,16.952608695652174,19.60449999999999,129.34657999999982,86.28356986747268,119.04244999999999,237.15709999999996,76.9765625,1.2793099880218506,2.714498281478882
cruise,65,aggressive,,200,8515,1.0,0.0,0.023487962419260128,True,59.03077357604228,79.66669999999999,109.49084000000099,16.618761244862007,19.226,37.06566000000031,86.43267809747505,115.532,223.4578000000001,76.4140625,1.3708961009979248,2.702601432800293
cruise,66,aggressive,,200,8876,1.0,0.0,0.02253267237494367,True,58.5458244704822,78.9525,101.28725,16.88284666516449,19.43175,90.28875,86.0424435556557,115.2355,227.0195,76.9765625,1.3835163116455078,2.7982912063598633
cruise,67,aggressive,,200,8475,1.0,0.0,0.02359882005899705,True,56.969320707964606,77.026,101.80706000000013,16.320323303834808,18.856,39.51416000000076,83.42329085545721,111.51969999999996,222.54626000000005,77.41015625,1.2949440479278564,2.6105613708496094
cruise,68,aggressive,,200,8868,1.0,0.0,0.02255299954894001,True,59.32666531348669,80.00399999999999,112.00529999999999,16.767655841226883,19.847649999999998,37.5576,86.74024357239514,115.94349999999996,222.49423,76.49609375,1.2652997970581055,2.7685651779174805
cruise,69,aggressive,,200,8655,1.0,0.0,0.023108030040439053,True,57.94171022530329,77.3363,105.63585999999957,16.26000577700751,19.198999999999995,35.32105999999999,84.44640231080301,111.94899999999993,224.68725999999927,76.7734375,1.4725456237792969,2.6912033557891846
cruise,70,aggressive,,200,8309,1.0,0.0,0.02407028523288001,True,57.80072186785413,77.68299999999999,100.81012000000003,16.554406065711877,19.437,36.93320000000002,84.69318726681911,112.77699999999999,222.56072,76.08203125,1.3060321807861328,2.6005051136016846
cruise,71,aggressive,,200,8537,1.0,0.0,0.023427433524657374,True,58.58100550544688,78.399,110.48247999999948,16.512795127093828,19.558999999999997,40.989639999999824,85.77824188825115,113.848,224.3346399999997,77.296875,1.266448736190796,2.696411609649658
mixing,42,aggressive,,200,6939,1.0,0.0,0.18576163712350482,True,66.4099916414469,82.93099999999998,93.28999999999998,23.18046289090647,67.97199999999998,73.13279999999999,101.86042426862659,152.118,173.28202,79.94921875,2.22544527053833,4.648854494094849
mixing,43,aggressive,,200,6427,1.0,0.0,0.109537887039054,True,66.33105383538198,82.698,94.79487999999985,20.39859561226077,65.471,71.71266,99.25618655671387,146.157,187.7140399999994,78.76953125,2.2676191329956055,4.3223936557769775
mixing,44,aggressive,,200,6617,1.0,0.0,0.16291370711802933,True,66.09429424210367,82.929,95.20560000000002,22.529826960858394,67.342,72.73320000000001,101.00776530149614,151.7198,187.93328000000017,79.83984375,2.295436143875122,4.444104909896851
mixing,45,aggressive,,200,6694,1.0,0.0,0.12503734687780102,True,66.41347101882283,83.91949999999999,95.3152699999999,20.25360785778309,64.87235,70.53533,99.02863310427247,146.65714999999992,172.73546999999996,80.0078125,2.2491724491119385,4.412704944610596
mixing,46,aggressive,,200,6710,1.0,0.0,0.15350223546944858,True,66.59168748137108,83.24349999999998,92.89989999999996,22.179172727272725,67.29249999999999,72.90169999999999,101.23501281669151,152.72299999999993,181.02399999999997,79.8984375,2.25150728225708,4.4866156578063965
mixing,47,aggressive,,200,6382,1.0,0.0,0.16734565966781573,True,66.92985537449076,83.799,96.00058999999989,22.197077561892826,67.58699999999999,72.80749999999998,101.51917596364777,152.83895,180.9091799999997,79.4375,2.1521384716033936,4.312451124191284
mixing,48,aggressive,,200,7054,1.0,0.0,0.16586333994896513,True,65.67311227672242,82.35649999999998,90.30210000000002,21.918516869861072,65.93849999999999,71.20380000000002,99.69213793592289,148.972,171.99537000000004,79.4921875,2.3171849250793457,4.661523103713989
mixing,49,aggressive,,200,6764,1.0,0.0,0.0898876404494382,True,67.37726685393258,84.05699999999999,99.29719999999998,19.088712004730926,64.62134999999999,71.7393,98.88680026611473,144.84734999999998,173.8875,79.25390625,2.316372871398926,4.517839670181274
mixing,50,aggressive,,200,6658,1.0,0.0,0.1028837488735356,True,64.60616431360769,81.144,89.86276000000029,18.66430429558426,62.64815,70.22590000000001,95.04830594773206,139.11984999999999,163.7729,80.22265625,2.215939521789551,4.299781560897827
mixing,51,aggressive,,200,6724,1.0,0.0,0.17995240928019035,True,64.61196966091612,82.26365,91.78236999999991,22.130889797739442,66.6545,71.49759999999996,98.5914275728733,151.00249999999994,169.92679999999987,79.40625,2.2474424839019775,4.319804430007935
mixing,52,aggressive,,200,6822,1.0,0.0,0.1177074171797127,True,65.1811593374377,81.65305,89.75479999999999,19.660273673409556,64.52,71.2929,97.14688683670478,144.07145,170.68379,79.90625,2.1460256576538086,4.379575490951538
mixing,53,aggressive,,200,6631,1.0,0.0,0.19197707736389685,True,65.03954969084602,82.481,91.14169999999997,23.49617508671392,66.93700000000001,71.9883,100.5429606394209,150.079,171.62899999999996,79.05078125,2.113913059234619,4.279641389846802
mixing,54,aggressive,,200,6602,1.0,0.0,0.15767949106331414,True,65.91764389578915,82.63555,92.37409999999998,21.70052968797334,66.41494999999999,71.60598999999999,99.74277309906088,150.624,171.48399999999998,79.43359375,2.2188045978546143,4.271109104156494
mixing,55,aggressive,,200,6785,1.0,0.0,0.21341193809874723,True,59.964068091378046,80.6328,87.36156,22.130015770081062,64.89899999999999,70.7588,93.08271834929992,143.97699999999995,166.135,79.30078125,2.365065097808838,4.027804136276245
mixing,56,aggressive,,200,6505,1.0,0.0,0.14496541122213683,True,62.01377033051499,81.675,88.24340000000001,20.183131898539582,65.464,70.17020000000001,93.62732113758648,146.2427999999999,164.8312,79.640625,2.1847898960113525,3.954070568084717
mixing,57,aggressive,,200,6735,1.0,0.0,0.16139569413511506,True,61.91638218262807,81.905,87.8124,20.16076629547142,64.04469999999999,70.3296,93.46254788418709,143.4973,166.96499999999997,79.27734375,2.0923514366149902,4.084585189819336
mixing,58,aggressive,,200,6600,1.0,0.0,0.1365151515151515,True,53.1917246969697,77.89849999999998,84.28070000000001,17.520478484848486,61.388499999999965,68.43029000000001,80.35405954545453,129.06794999999997,156.787,79.734375,2.5383167266845703,3.497452974319458
mixing,59,aggressive,,200,6926,1.0,0.0,0.01963615362402541,True,54.715118971989604,79.9595,86.32325,13.010749494657812,15.7775,61.87175,77.50428515737799,111.396,133.84300000000002,78.87890625,2.2307088375091553,3.722583770751953
mixing,60,aggressive,,200,6476,1.0,0.0,0.12168004941321804,True,55.34779586164299,78.73475,84.7735,17.180432674490426,53.649499999999996,68.18424999999999,82.54188187152563,126.07325,156.4445,79.84375,2.20922589302063,3.5653650760650635
mixing,61,aggressive,,200,6296,1.0,0.0,0.027795425667090215,True,55.62831416772555,79.741,87.07250000000002,13.25888373570521,16.280250000000002,51.51850000000001,78.76819170902161,111.4935,131.93350000000004,78.81640625,2.2896714210510254,3.436180353164673
mixing,62,aggressive,,200,6329,1.0,0.0,0.11581608468952441,True,54.92289571812293,79.14,85.77672000000005,17.453632801390427,60.72759999999999,69.81712,82.380606888924,129.49299999999997,160.78320000000002,79.63671875,2.3198022842407227,3.4695444107055664
mixing,63,aggressive,,200,6436,1.0,0.0,0.16112492231199502,True,55.083464885021755,79.50775,85.38499999999999,18.909586233685516,62.3305,68.613,83.89128231821006,133.5605,159.71364999999994,79.6171875,2.3123908042907715,3.4880692958831787
mixing,64,aggressive,,200,6921,1.0,0.0,0.07296633434474786,True,53.37850599624332,77.437,84.953,14.779945094639503,41.569,66.47100000000002,77.72056754804218,114.527,149.092,79.4921875,2.4248392581939697,3.5963659286499023
mixing,65,aggressive,,200,6646,1.0,0.0,0.020764369545591334,True,55.70549127294613,79.05250000000001,86.21395000000003,13.447590279867589,16.15775,62.6945,79.5226105928378,110.85,138.05895,79.17578125,2.2041523456573486,3.604262113571167
mixing,66,aggressive,,200,6529,1.0,0.0,0.19635472507275234,True,52.95671052228519,77.4686,83.73592000000001,19.518504365140142,63.6006,69.16700000000002,82.02820232807476,136.1136,158.52200000000002,78.84765625,2.4961097240448,3.437839984893799
mixing,67,aggressive,,200,6397,1.0,0.0,0.12005627637955292,True,47.17814803814288,74.3622,82.28104,14.780185555729247,45.68699999999996,62.4692,70.2123204627169,113.064,142.5552,78.62890625,2.3365895748138428,3.014646530151367
mixing,68,aggressive,,200,6700,1.0,0.0,0.07567164179104478,True,45.43738611940299,72.76899999999999,80.53410000000002,13.389349402985076,38.61354999999999,63.46139000000001,66.87324701492537,107.42644999999997,135.7603000000001,79.390625,2.3341987133026123,3.085536003112793
mixing,69,aggressive,,200,6511,1.0,0.0,0.11626478267547227,True,44.83474243587774,71.115,80.35,14.080110735678083,39.535,62.933899999999944,66.81183858086317,107.143,136.30599999999995,79.43359375,2.5864384174346924,2.9278440475463867
mixing,70,aggressive,,200,6565,1.0,0.0,0.20426504188880426,True,46.705356130997714,74.47499999999997,81.6176,18.468530997715156,61.191999999999986,66.5996,73.5438036557502,124.77219999999987,151.5849999999999,79.046875,2.314664125442505,3.061253786087036
mixing,71,aggressive,,200,7079,1.0,0.0,0.2205113716626642,True,43.084731741771435,69.18399999999998,78.66560000000001,18.13726430286764,60.23699999999999,66.0694,68.7459710411075,121.78509999999997,147.07240000000002,78.7734375,2.496187925338745,3.1466939449310303
