system,seed,cpu_mode,cpu_affinity_core,selected_checkpoint_source,selected_episode,selected_success_rate,selected_override_rate,selected_safety_violation_rate,final_checkpoint_safe,train_seconds,training_peak_rss_mb,eval_success_rate,eval_override_rate,eval_safety_violation_rate,test_success_rate,test_override_rate,test_safety_violation_rate,test_mean_episode_steps,test_n_steps,policy_us_mean,policy_us_p99,shield_us_mean,shield_us_p99,total_us_mean,total_us_p99
thermostat,42,aggressive,,safe_eval,500,1.0,0.0015961545517924633,0.0,True,1253.3084044456482,239.9453125,1.0,0.0018030570011883784,0.0,1.0,0.0017543859649122807,0.0,530.1,106020,51.25077948500284,136.83700999999974,11.380230513110735,25.23830999999988,71.49597432559894,182.29188999999985
thermostat,43,aggressive,,safe_eval,1100,1.0,0.001611703446565832,0.0,True,1258.659939289093,237.046875,1.0,0.0018548387096774194,0.0,1.0,0.0016542520747463171,0.0,541.03,108206,56.95998713564867,151.14449999999985,12.445500268007319,28.053,79.50873235310428,200.10899999999995
thermostat,44,aggressive,,safe_eval,300,1.0,0.0015000337086226658,0.0,True,1311.1209607124329,245.21484375,1.0,0.0018881847382585294,0.0,1.0,0.0018706467661691543,0.0,502.5,100500,33.93541421890547,49.79509999999995,7.709247412935325,11.301,47.04795523383085,68.37
thermostat,45,aggressive,,safe_eval,400,1.0,0.0015892917056631762,0.0,True,1331.8631763458252,244.62109375,1.0,0.0015856048458934616,0.0,1.0,0.0017301554156847537,0.0,502.845,100569,28.29814852489336,45.195,6.391612415356622,10.46,39.116495132694965,62.18087999999993
thermostat,46,aggressive,,safe_eval,1800,1.0,0.0016399871653178365,0.0,True,1301.2392551898956,240.0,1.0,0.0017744990529358986,0.0,1.0,0.0016681376019552125,0.0,515.545,103109,36.48068076501566,54.874,8.155880960924847,11.903,50.44988079605078,75.17219999999999
thermostat,47,aggressive,,safe_eval,2000,1.0,0.0016002964759787076,0.0,True,1290.3220384120941,235.703125,1.0,0.0016925765798914544,0.0,1.0,0.001727297018742604,0.0,523.94,104788,38.365035547963515,60.144,8.649834923846242,12.594,53.19006625758674,82.727
thermostat,48,aggressive,,safe_eval,400,1.0,0.001600369863257286,0.0,True,1324.0614411830902,260.01171875,1.0,0.0016701947913227554,0.0,1.0,0.001801452784503632,0.0,516.25,103250,29.132993520581117,46.278,6.521389743341404,10.57,40.18756369007264,63.691
thermostat,49,aggressive,,safe_eval,1700,1.0,0.0014741531808949747,0.0,True,1342.241287469864,231.9765625,1.0,0.0019792607891226713,0.0,1.0,0.0017643772238504591,0.0,510.095,102019,27.31620243288015,44.124,6.153392848390984,10.279,37.71620241327595,60.685
thermostat,50,aggressive,,safe_eval,1400,1.0,0.0016288663444344116,0.0,True,1297.383172750473,242.51953125,1.0,0.001884570082449941,0.0,1.0,0.0017985243924870731,0.0,489.29,97858,41.786922581700026,75.61786999999994,9.202271740685484,13.686,57.82173729281203,101.46686999999993
thermostat,51,aggressive,,safe_eval,1300,1.0,0.0015464544490973223,0.0,True,1342.098087310791,243.73046875,1.0,0.0017322252282060764,0.0,1.0,0.0018427826017286101,0.0,499.245,99849,27.360264228985763,44.404,6.0918041943334424,10.129520000000005,37.64596647938386,61.086
thermostat,52,aggressive,,safe_eval,200,1.0,0.0016055704845442714,0.0,True,1297.9349954128265,230.80859375,1.0,0.0017950424557794317,0.0,1.0,0.0017223976516126643,0.0,539.945,107989,41.16571571178547,75.423,9.079523312559614,13.576,56.940201539045646,100.90307999999996
thermostat,53,aggressive,,safe_eval,700,1.0,0.0014903623236404585,0.0,True,1324.4994122982025,234.7734375,1.0,0.0018133269567989798,0.0,1.0,0.0017283567017516604,0.0,514.94,102988,29.039323144444012,46.889,6.461014778420787,10.47,39.98101923525071,64.06113
thermostat,54,aggressive,,safe_eval,100,1.0,0.0016461220427226094,0.0,True,1259.9941971302032,232.07421875,1.0,0.0016925454411656487,0.0,1.0,0.001832788587836393,0.0,491.055,98211,54.55769818044822,119.29089999999847,12.030085367219558,22.87799999999971,76.25675448778651,189.36799999999994
thermostat,55,aggressive,,safe_eval,500,1.0,0.00157466837826273,0.0,True,1245.9719893932343,234.6015625,1.0,0.0015760993292821743,0.0,1.0,0.0018122834771812483,0.0,499.37,99874,51.197794471033504,148.04297000000003,11.631174860324007,24.952830000000525,71.5656587299998,185.5874000000001
thermostat,56,aggressive,,safe_eval,1700,1.0,0.0016096649127665466,0.0,True,1309.67094039917,243.68359375,1.0,0.0015954112932327971,0.0,1.0,0.0017176396686427702,0.0,509.42,101884,33.731687782183656,50.266699999999986,7.519910977189745,11.032529999999985,46.61543482784342,68.61339999999997
thermostat,57,aggressive,,safe_eval,2000,1.0,0.0016088697689872864,0.0,True,1316.6477239131927,237.23828125,1.0,0.0017480566816677205,0.0,1.0,0.0018459775724334016,0.0,471.295,94259,30.12172913992298,47.5,6.862271793674874,11.031,41.69426872765465,65.575
thermostat,58,aggressive,,safe_eval,1700,1.0,0.001458847670653115,0.0,True,1276.0194733142853,250.91015625,1.0,0.0018402572129621794,0.0,1.0,0.0018035314308985659,0.0,515.655,103131,44.856418681094915,69.96929999999996,9.873883487991002,14.197,62.19407371207493,96.59029999999997
thermostat,59,aggressive,,safe_eval,300,1.0,0.001578288243468117,0.0,True,1266.8086726665497,243.80078125,1.0,0.001811741714844068,0.0,1.0,0.0017523421668347219,0.0,510.745,102149,49.859825490215265,73.85520000000004,10.526188577470167,15.369,68.91355686301382,153.79232000000016
thermostat,60,aggressive,,safe_eval,1000,1.0,0.0018492274722615879,0.0,True,1003.3554985523224,239.4296875,1.0,0.0020161290322580645,0.0,1.0,0.0017733381056193667,0.0,614.66,122932,49.85932701005434,140.73429000000033,11.483928025249732,16.177900000000022,69.56074260566817,191.60090000000002
thermostat,61,aggressive,,safe_eval,1200,1.0,0.0015733990664498873,0.0,True,1286.4797613620758,236.859375,1.0,0.0017915082508907778,0.0,1.0,0.0016712626389237069,0.0,538.515,107703,38.84236850412709,60.615,8.931898303668422,12.974,54.018812725736524,83.73879999999997
thermostat,62,aggressive,,safe_eval,1600,1.0,0.0016416259234145819,0.0,True,1339.5495381355286,236.25,1.0,0.0016881119405784597,0.0,1.0,0.0017061284496918986,0.0,550.955,110191,26.791653483496845,33.06400000000006,5.974338820774837,7.845,36.8671923478324,44.845
thermostat,63,aggressive,,safe_eval,300,1.0,0.001582553314677217,0.0,True,1232.3939135074615,232.3359375,1.0,0.0016569555717407137,0.0,1.0,0.001812236536264429,0.0,507.66,101532,50.32395636843556,146.76040000000015,11.80179655675058,19.904910000000093,70.48814364929285,187.796
thermostat,64,aggressive,,safe_eval,1200,1.0,0.001658622039173298,0.0,True,1261.6392905712128,253.21875,1.0,0.001845787436737124,0.0,1.0,0.00184288174338627,0.0,496.505,99301,54.98492014179113,119.777,11.94904456148478,25.458,76.55690470388014,189.63
thermostat,65,aggressive,,safe_eval,1300,1.0,0.001626539403363898,0.0,True,1321.6537683010101,234.1171875,1.0,0.002018914036765487,0.0,1.0,0.0017489612522949077,0.0,517.45,103490,29.82622321963475,47.24099000000001,6.64219910136245,10.6,41.12186980384578,64.782
thermostat,66,aggressive,,safe_eval,700,1.0,0.0015430050438014335,0.0,True,1245.0405488014221,236.875,1.0,0.0017962996227770792,0.0,1.0,0.0017017281342604819,0.0,511.245,102249,54.02743513383994,155.19680000000056,12.317490215063229,26.56252000000041,75.61608020616339,199.50928000000016
thermostat,67,aggressive,,safe_eval,2000,1.0,0.0015714664076984196,0.0,True,1298.5165402889252,229.73046875,1.0,0.0016712887289022755,0.0,1.0,0.0017053303482113084,0.0,524.825,104965,39.8046025055971,73.70360000000001,8.769943933692183,13.315,55.0188891344734,99.208
thermostat,68,aggressive,,safe_eval,100,1.0,0.0015688523760522277,0.0,True,1322.5148282051086,255.125,1.0,0.0018583827846176588,0.0,1.0,0.0017616758899335542,0.0,522.23,104446,29.85701506998832,47.24,6.850015912528961,10.851,41.4019535357984,64.94850000000002
thermostat,69,aggressive,,safe_eval,700,1.0,0.001587945131427799,0.0,True,1284.8610246181488,233.3359375,1.0,0.0018576222435282839,0.0,1.0,0.0017832237497509465,0.0,501.9,100380,46.37122082088065,78.14088999999993,10.026615271966527,14.349099999999918,63.87855806933651,104.53009999999992
thermostat,70,aggressive,,safe_eval,700,1.0,0.0016160141792211855,0.0,True,1235.737125635147,244.94921875,1.0,0.001591849729385546,0.0,1.0,0.001849647078833234,0.0,470.36,94072,50.0779879028829,147.2586999999998,11.645705236414662,17.824,70.11777523598946,187.00659999999974
thermostat,71,aggressive,,safe_eval,1000,1.0,0.0016413153424814399,0.0,True,1286.209844827652,238.78125,1.0,0.0017326636296382822,0.0,1.0,0.0016810037188685625,0.0,532.42,106484,39.2401638180384,62.358169999999994,8.824255484392022,12.684,54.30849470342962,85.322
cruise,42,aggressive,,safe_eval,1200,1.0,0.021953896816684963,0.0,True,127.46609306335449,91.83203125,1.0,0.024096385542168676,0.0,1.0,0.022560631697687534,0.0,44.325,8865,57.861717428087985,96.32556000000051,16.185578454596726,45.59124000000885,84.5493417935702,221.3421600000003
cruise,43,aggressive,,safe_eval,1200,1.0,0.022031284423881914,0.0,True,134.32295989990234,91.5390625,1.0,0.021303792074989347,0.0,1.0,0.024110910186859555,0.0,41.475,8295,36.444211573236885,69.79319999999998,10.890096202531645,20.560799999999986,53.278077154912594,97.30639999999991
cruise,44,aggressive,,safe_eval,1700,1.0,0.020729684908789386,0.0,True,126.15270376205444,93.3359375,1.0,0.023239600278875203,0.0,1.0,0.022484541877459248,0.0,44.475,8895,54.71864935356942,97.54765999999964,15.753143788645307,103.57193999999987,80.38048611579539,206.30199999999982
cruise,45,aggressive,,safe_eval,1900,1.0,0.02190580503833516,0.0,True,110.52413725852966,92.68359375,1.0,0.023568230025925053,0.0,1.0,0.023060071486221606,0.0,43.365,8673,55.55763138475729,186.08380000000008,17.595414850686037,135.67568000000034,83.31146281563473,238.20640000000014
cruise,46,aggressive,,safe_eval,300,1.0,0.022138587558113793,0.0,True,130.0217957496643,92.08984375,1.0,0.023696682464454975,0.0,1.0,0.024142926122646065,0.0,41.42,8284,35.92241272332207,59.568700000000014,11.129802752293577,21.55820000000001,52.86836371318205,86.0681
cruise,47,aggressive,,safe_eval,1100,1.0,0.022055580061755623,0.0,True,128.98162388801575,92.59765625,1.0,0.02346316283435007,0.0,1.0,0.024018253872943436,0.0,41.635,8327,51.366060646091036,83.16686,13.80174156358833,31.874739999999978,74.20941731716104,121.52033999999999
cruise,48,aggressive,,safe_eval,800,1.0,0.021734405564007825,0.0,True,134.43186712265015,91.6171875,1.0,0.022999080036798528,0.0,1.0,0.02334267040149393,0.0,42.84,8568,37.01575840336134,71.1081,11.141977240896356,20.465299999999992,54.239256419234366,99.16099999999999
cruise,49,aggressive,,safe_eval,1000,1.0,0.021791239921551537,0.0,True,124.94415163993835,92.46875,1.0,0.02321262766945218,0.0,1.0,0.023677045104770925,0.0,42.235,8447,54.542471646738484,147.58413999999954,16.504093405942942,131.95559999999986,80.97491109269563,213.7749399999999
cruise,50,aggressive,,safe_eval,1700,1.0,0.02240645305848084,0.0,True,126.60921740531921,93.046875,1.0,0.023424689622862496,0.0,1.0,0.02346591575736243,0.0,42.615,8523,53.77673190191247,92.67720000000003,15.525733192537839,104.08160000000004,78.89956236067111,201.2180000000001
cruise,51,aggressive,,safe_eval,900,1.0,0.021381227282446014,0.0,True,112.31723928451538,92.3359375,1.0,0.024160425223483932,0.0,1.0,0.02323150191659891,0.0,43.045,8609,58.53702334765943,193.07672000000005,18.05748600302009,138.55244000000005,87.01435671971193,240.67000000000002
cruise,52,aggressive,,safe_eval,800,1.0,0.021800741225201658,0.0,True,131.04533457756042,92.40625,1.0,0.02505637684790779,0.0,1.0,0.02345215759849906,0.0,42.64,8528,37.33434826454034,68.24819999999998,11.345379104127579,21.742399999999922,54.7006855065666,97.71332999999994
cruise,53,aggressive,,safe_eval,1300,1.0,0.02224199288256228,0.0,True,135.25397610664368,91.984375,1.0,0.02226179875333927,0.0,1.0,0.022948938611589215,0.0,43.575,8715,29.894989672977623,52.86526000000003,9.078529661503156,17.982740000000007,43.656044979919685,77.70780000000016
cruise,54,aggressive,,safe_eval,1500,1.0,0.02206531332744925,0.0,True,121.34985375404358,91.5703125,1.0,0.02256317689530686,0.0,1.0,0.02346041055718475,0.0,42.625,8525,54.72230357771261,164.30420000000044,16.8340191202346,130.84936000000005,81.39469958944282,220.72260000000003
cruise,55,aggressive,,safe_eval,700,1.0,0.022507314877335136,0.0,True,127.39888787269592,92.92578125,1.0,0.023369946249123627,0.0,1.0,0.023239600278875203,0.0,43.03,8606,49.85525110388102,76.92245000000005,14.158235649546828,32.277950000000054,72.78929339995354,171.39200000000005
cruise,56,aggressive,,safe_eval,300,1.0,0.021934634788330774,0.0,True,127.51456475257874,91.375,1.0,0.024752475247524754,0.0,1.0,0.02338907730090048,0.0,42.755,8551,49.05460554321132,77.2115,13.98895287100924,31.9655,71.74652882703776,181.233
cruise,57,aggressive,,safe_eval,1600,1.0,0.021537798836958864,0.0,True,132.48386359214783,92.1171875,1.0,0.02363507445048452,0.0,1.0,0.02311604253351826,0.0,43.26,8652,44.44795885344429,73.599,13.007161465557099,29.825309999999973,64.96639586222838,103.4658
cruise,58,aggressive,,safe_eval,1000,1.0,0.022172949002217297,0.0,True,134.27105617523193,91.078125,1.0,0.021253985122210415,0.0,1.0,0.02207505518763797,0.0,45.3,9060,28.695161589403973,48.65669,8.627419977924944,17.883409999999998,41.78237130242825,70.64859999999999
cruise,59,aggressive,,safe_eval,200,1.0,0.021829294913774284,0.0,True,133.89876627922058,91.29296875,1.0,0.022967386311437757,0.0,1.0,0.022846698652044778,0.0,43.77,8754,40.04382510852182,73.31309999999998,11.68188508110578,21.933299999999942,58.395062257253834,102.4144999999999
cruise,60,aggressive,,safe_eval,700,1.0,0.02081165452653486,0.0,True,133.4048912525177,92.4453125,1.0,0.02422480620155039,0.0,1.0,0.0241196333815726,0.0,41.46,8292,40.75177809937289,72.78881,11.673839845634348,23.34740000000004,59.22252424023154,101.7184
cruise,61,aggressive,,safe_eval,1000,1.0,0.022396416573348264,0.0,True,134.0347616672516,92.23046875,1.0,0.023849272597185785,0.0,1.0,0.024685262898049863,0.0,40.51,8102,39.24880313502839,71.32481,11.581673537398173,23.771589999999925,57.28060355467786,99.7387
cruise,62,aggressive,,safe_eval,1300,1.0,0.021510002151000216,0.0,True,128.8809678554535,92.94140625,1.0,0.022573363431151242,0.0,1.0,0.024024024024024024,0.0,41.625,8325,38.98615087087087,68.9004,11.686164324324324,24.908600000000146,57.11320264264264,97.32956000000006
cruise,63,aggressive,,safe_eval,1200,1.0,0.021528525296017224,0.0,True,134.2405993938446,92.1796875,1.0,0.023413720440177945,0.0,1.0,0.023646252069047056,0.0,42.29,8458,35.33987112792623,70.11170000000003,10.515663395601798,19.666170000000005,51.60226826672973,99.1523
cruise,64,aggressive,,safe_eval,1100,1.0,0.02152389151958674,0.0,True,133.35355949401855,92.12109375,1.0,0.02310536044362292,0.0,1.0,0.023250406882120437,0.0,43.01,8602,40.082957568007444,71.7858,11.705125319693094,24.57229999999992,58.40473959544292,99.92859999999999
cruise,65,aggressive,,safe_eval,600,1.0,0.02204099625303064,0.0,True,126.19257473945618,92.640625,1.0,0.02269117313365101,0.0,1.0,0.023487962419260128,0.0,42.575,8515,54.50032554315913,96.3604200000018,15.69287903699354,103.93560000000001,80.18487093364651,203.35552000000052
cruise,66,aggressive,,safe_eval,400,1.0,0.02239140170174653,0.0,True,132.4393994808197,92.5078125,1.0,0.022007042253521125,0.0,1.0,0.02253267237494367,0.0,44.38,8876,28.244684317260027,44.686749999999996,8.81934734114466,18.038999999999998,41.51502489860298,65.2665
cruise,67,aggressive,,safe_eval,1400,1.0,0.021362956633198035,0.0,True,126.25549530982971,91.859375,1.0,0.023551577955723033,0.0,1.0,0.02359882005899705,0.0,42.375,8475,58.69022171091446,150.4296600000002,17.312148908554573,131.29540000000003,86.77496000000001,230.41560000000004
cruise,68,aggressive,,safe_eval,1200,1.0,0.02218770800976259,0.0,True,126.97626495361328,92.8515625,1.0,0.02446183953033268,0.0,1.0,0.02255299954894001,0.0,44.34,8868,51.52508299503834,78.42102999999999,14.833640956247182,34.6316,75.40805536761388,192.15582999999995
cruise,69,aggressive,,safe_eval,600,1.0,0.021691973969631236,0.0,True,129.27775311470032,91.515625,1.0,0.021110407430863416,0.0,1.0,0.023108030040439053,0.0,43.275,8655,36.29550421721548,62.659859999999924,10.980009936452918,21.352999999999955,53.17228249566725,89.32419999999989
cruise,70,aggressive,,safe_eval,100,1.0,0.02182453077258839,0.0,True,128.00870966911316,91.71875,1.0,0.02357934449422306,0.0,1.0,0.02407028523288001,0.0,41.545,8309,45.401394271272125,75.86952000000001,13.152339270670359,31.009,66.32229149115416,112.53072
cruise,71,aggressive,,safe_eval,900,1.0,0.020794343938448742,0.0,True,126.38625645637512,92.19140625,1.0,0.024125452352231604,0.0,1.0,0.023427433524657374,0.0,42.685,8537,53.55846667447582,80.36995999999995,15.427991448986765,103.34483999999998,78.80879700128851,200.75183999999982
mixing,42,aggressive,,safe_eval,100,1.0,0.168130869433505,0.0,True,137.4081268310547,97.12890625,1.0,0.1732330827067669,0.0,1.0,0.18576163712350482,0.0,34.695,6939,45.54206571552096,75.92461999999999,17.29136748811068,66.0312,70.73568525724168,138.68901999999997
mixing,43,aggressive,,safe_eval,100,1.0,0.11804076665652571,0.0,True,129.20400738716125,95.6328125,1.0,0.11544139356362562,0.0,1.0,0.109537887039054,0.0,32.135,6427,63.35872210984907,91.0304,18.13646351330325,68.75499999999994,92.9851026917691,159.25779999999995
mixing,44,aggressive,,safe_eval,100,1.0,0.1843186847929181,0.0,True,133.19369435310364,96.20703125,1.0,0.1779935275080906,0.0,1.0,0.16291370711802933,0.0,33.085,6617,56.25207707420281,87.558,19.383471210518362,71.82284000000001,85.80419661478011,162.83440000000002
mixing,45,aggressive,,safe_eval,100,1.0,0.12484394506866417,0.0,True,129.98617267608643,96.3046875,1.0,0.12262729737872853,0.0,1.0,0.12503734687780102,0.0,33.47,6694,58.50965939647446,89.25396999999998,18.413663131162235,70.36846999999993,87.60892500746937,157.21009999999998
mixing,46,aggressive,,safe_eval,100,1.0,0.14859926918392205,0.0,True,125.89939618110657,96.01953125,1.0,0.13553768245457254,0.0,1.0,0.15350223546944858,0.0,33.55,6710,64.58907168405365,91.6176,21.950592846497766,77.3142,98.35879418777942,171.47980999999993
mixing,47,aggressive,,safe_eval,100,1.0,0.16284052647689012,0.0,True,138.51541781425476,97.875,1.0,0.18511627906976744,0.0,1.0,0.16734565966781573,0.0,31.91,6382,40.82005108116578,75.85729999999997,15.669659197743654,65.00648999999997,63.565620808523974,135.44409999999996
mixing,48,aggressive,,safe_eval,100,1.0,0.1702728127939793,0.0,True,132.47625994682312,96.9453125,1.0,0.1909328683522232,0.0,1.0,0.16586333994896513,0.0,35.27,7054,53.98119960306209,84.82037000000004,19.761236178055004,72.29580000000001,83.17525219733484,155.98193
mixing,49,aggressive,,safe_eval,100,1.0,0.10352609308885755,0.0,True,137.38394856452942,96.484375,1.0,0.09977641140301845,0.0,1.0,0.0898876404494382,0.0,33.82,6764,44.180082199881724,73.74307,14.366466144293318,65.02103,66.13134506209343,135.73696999999999
mixing,50,aggressive,,safe_eval,100,1.0,0.09154723603392804,0.0,True,128.96612310409546,95.9296875,1.0,0.10154394299287411,0.0,1.0,0.1028837488735356,0.0,33.29,6658,60.92015259837789,90.76060000000001,18.214132472213876,68.85347,90.28032021628117,158.61880000000005
mixing,51,aggressive,,safe_eval,100,1.0,0.18601964182553438,0.0,True,136.11064910888672,97.59765625,1.0,0.17457976997935712,0.0,1.0,0.17995240928019035,0.0,33.62,6724,50.62496192742415,80.32509999999998,18.681951814396193,68.04449999999993,78.39964024390244,152.07739999999987
mixing,52,aggressive,,safe_eval,100,1.0,0.11026500152299726,0.0,True,128.07369232177734,96.3203125,1.0,0.09720944495553512,0.0,1.0,0.1177074171797127,0.0,34.11,6822,63.02654045734389,92.74799,19.138339489885663,73.3806,93.62829595426561,169.4289
mixing,53,aggressive,,safe_eval,100,1.0,0.20133296306581505,0.0,True,136.4955222606659,97.21484375,1.0,0.21782496782496782,0.0,1.0,0.19197707736389685,0.0,33.155,6631,50.58801598552254,82.44899999999998,18.793041773488163,67.50999999999999,78.33124958528127,153.9253
mixing,54,aggressive,,safe_eval,100,1.0,0.156317578004325,0.0,True,126.46794962882996,97.0,1.0,0.13968158606188044,0.0,1.0,0.15767949106331414,0.0,33.01,6602,62.22533171766132,89.44859999999997,22.373586791881245,76.06127999999991,95.91173311117845,171.79398999999978
mixing,55,aggressive,,safe_eval,100,1.0,0.21163682864450128,0.0,True,136.46846294403076,96.35546875,1.0,0.18808777429467086,0.0,1.0,0.21341193809874723,0.0,33.925,6785,48.552083271923365,77.93715999999996,19.154861606484893,67.24716,76.09806735445837,146.00295999999997
mixing,56,aggressive,,safe_eval,100,1.0,0.1388336646785951,0.0,True,127.44566416740417,94.9921875,1.0,0.17404963870562362,0.0,1.0,0.14496541122213683,0.0,32.525,6505,62.764159569561876,92.07000000000001,21.60877355880092,76.07960000000001,95.85204289008455,182.5198800000001
mixing,57,aggressive,,safe_eval,100,1.0,0.14516602997355274,0.0,True,139.22542524337769,97.32421875,1.0,0.19705882352941176,0.0,1.0,0.16139569413511506,0.0,33.675,6735,33.94151031922791,69.5418,13.392249294729027,63.52014,53.036677060133634,127.20039999999992
mixing,58,aggressive,,safe_eval,100,1.0,0.14201550387596898,0.0,True,135.92374777793884,97.25,1.0,0.14212513484358144,0.0,1.0,0.1365151515151515,0.0,33.0,6600,47.23610318181817,77.12710000000003,16.585290606060607,67.79890000000002,72.06283393939394,143.97360000000003
mixing,59,aggressive,,safe_eval,100,1.0,0.018518518518518517,0.0,True,286.6375675201416,96.15625,1.0,0.018740399385560675,0.0,1.0,0.01963615362402541,0.0,34.63,6926,28.722288766965058,39.986,8.083029887380883,36.37625,41.47365160265666,69.141
mixing,60,aggressive,,safe_eval,100,1.0,0.11455565397106585,0.0,True,130.00503730773926,96.15234375,1.0,0.13670411985018727,0.0,1.0,0.12168004941321804,0.0,32.38,6476,63.19029786905497,94.37325000000001,19.428775941939467,74.70425,94.11077130945027,167.923
mixing,61,aggressive,,safe_eval,200,1.0,0.02309538092381524,0.0,True,281.7829246520996,97.0625,1.0,0.027919543680576402,0.0,1.0,0.027795425667090215,0.0,31.48,6296,28.157147554002538,48.091,7.914734116899618,29.696500000000004,40.68744917407878,69.12450000000001
mixing,62,aggressive,,safe_eval,100,1.0,0.10724722384570427,0.0,True,127.07486367225647,95.63671875,1.0,0.10152284263959391,0.0,1.0,0.11581608468952441,0.0,31.645,6329,64.24313367040607,97.40312000000006,21.422255174593143,76.15320000000003,97.35988118186128,183.8249600000003
mixing,63,aggressive,,safe_eval,100,1.0,0.16975748930099857,0.0,True,136.16517305374146,96.65234375,1.0,0.14959202175883954,0.0,1.0,0.16112492231199502,0.0,32.18,6436,34.641735394655065,58.4165,13.760214885021755,59.659499999999994,54.2242375699192,116.353
mixing,64,aggressive,,safe_eval,100,1.0,0.05893909626719057,0.0,True,131.1991925239563,96.32421875,1.0,0.05642897248736665,0.0,1.0,0.07296633434474786,0.0,34.605,6921,53.453957665077304,83.47,15.109567692529982,66.037,78.03862129750037,147.52580000000006
mixing,65,aggressive,,safe_eval,100,1.0,0.01951951951951952,0.0,True,282.1489608287811,96.77734375,1.0,0.024299065420560748,0.0,1.0,0.020764369545591334,0.0,33.23,6646,28.16787255492025,47.246050000000004,7.857318236533254,36.0735,40.57021682214866,71.21555
mixing,66,aggressive,,safe_eval,100,1.0,0.21557426337943475,0.0,True,134.06509613990784,96.59375,1.0,0.19548872180451127,0.0,1.0,0.19635472507275234,0.0,32.645,6529,40.78696783580947,68.89112000000002,16.734406647266045,64.34440000000004,64.32406049931076,127.60772000000001
mixing,67,aggressive,,safe_eval,100,1.0,0.0992409333708181,0.0,True,135.12491416931152,95.5703125,1.0,0.12305854241338113,0.0,1.0,0.12005627637955292,0.0,31.985,6397,53.098523839299666,81.4152,16.4899873378146,66.95736,79.08974738158511,144.98844
mixing,68,aggressive,,safe_eval,100,1.0,0.08844822159269751,0.0,True,127.6256775856018,96.55859375,1.0,0.08226527570789866,0.0,1.0,0.07567164179104478,0.0,33.5,6700,61.73489731343284,91.11450000000004,17.976066268656716,72.23181000000011,90.94950522388059,165.56590000000003
mixing,69,aggressive,,safe_eval,100,1.0,0.09967368733313557,0.0,True,131.04611372947693,96.32421875,1.0,0.10445757250268528,0.0,1.0,0.11626478267547227,0.0,32.555,6511,51.88332775303333,84.28899999999982,15.979168637690066,65.254,77.26057994163723,145.9938999999999
mixing,70,aggressive,,safe_eval,100,1.0,0.20452567449956485,0.0,True,135.30727410316467,96.171875,1.0,0.1993939393939394,0.0,1.0,0.20426504188880426,0.0,32.825,6565,51.305583092155366,80.54739999999998,20.40112185833968,69.51159999999996,80.86277486671743,155.81695999999997
mixing,71,aggressive,,safe_eval,100,1.0,0.21264028352037803,0.0,True,138.59648966789246,97.24609375,1.0,0.22693831352574986,0.0,1.0,0.2205113716626642,0.0,35.395,7079,30.96648114140415,55.650400000000005,14.173309083203844,46.582000000000036,50.27412176861138,105.44142
